<?xml version="1.0" encoding="UTF-8"?>
<selphid-widget-conf version="1.0">

    <DocumentID id="ES" iso="ESP">
        <Version id="ID_ES" type="ID" format="TD1" profile="ID_ES">
            <Front>
                <face id="ID_ES_TYPE1"
                    x="0.666" y="0.375" w="0.334" h="0.625" />
                <face id="ID_ES_TYPE2"
                    x="0.000" y="0.138" w="0.394" h="0.742" />

                <field id="DateOfBirth" dst="DateOfBirth" src="ML" 
                    type="Date" />
                <field id="DateOfExpiry" dst="DateOfExpiry" src="ML" 
                    type="Date" />
                <field id="Sex" dst="Gender" src="ML" />
                <field id="DateOfIssue" dst="DateOfIssue" src="ML" 
                    type="Date" 
                    optional="yes"/>
                <field id="LastName" dst="LastName" src="ML"/>
                <field id="FirstName" dst="FirstName" src="ML" />
                <field id="Nationality" dst="Nationality" src="ML" />
                <field id="Number" dst="DocumentNumber" src="ML" 
                    masked="true"/>
                <field id="PersonalCode" dst="IDCardNumber" src="ML" />
                <field id="" dst="CANNumber" src="ML" 
                    optional="yes"/>                
            </Front>

            <Back>
                <field id="Address" dst="Address" src="ML" />
                <field id="PlaceOfBirth" dst="PlaceOfBirth" src="ML" />
                <field id="IssuedBy" dst="IssuedBy" src="ML" 
                    optional="yes" />
                <field id="IssuedBy_EN" dst="IssuedBy_EN" src="ML" 
                    optional="yes" />
                <field id="MRZ" dst="MrzText" src="MRZ" />
                <field id="DateOfBirth_MRZ" dst="DateOfBirth" src="MRZ" 
                    type="Date" />
                <field id="DateOfExpiry_MRZ" dst="DateOfExpiry" src="MRZ" 
                    type="Date" />
                <field id="Sex_MRZ" dst="Gender" src="MRZ" />
                <field id="IssuedBy_MRZ" dst="Issuer" src="MRZ" />
                <field id="LastName_MRZ" dst="LastName" src="MRZ" />
                <field id="FirstName_MRZ" dst="FirstName" src="MRZ" />
                <field id="Nationality_MRZ" dst="Nationality" src="MRZ" />
                <field id="Number_MRZ" dst="IDCardNumber" src="MRZ" />
                <field id="OptionalData_MRZ_LINE2" dst="Op2" src="MRZ" 
                    optional="yes"/>
            </Back>
        </Version>
    </DocumentID>

    <DocumentID id="KR" iso="KOR">
        <Version id="ID_KR" type="ID" format="TD1" profile="ID_KR">
            <Front>
                <face id="ID_KR_TYPE1"
                    x="0.609" y="0.061" w="0.365" h="0.648" />

                <field id="FullName" dst="FullName" src="ML"
                    optional="no" /> <!-- mandatory -->
                <field id="Address" dst="Address" src="ML"
                    optional="yes" />
                <field id="IssuedBy" dst="IssuedBy" src="ML"
                    optional="yes" />
                <field id="Number" dst="DocumentNumber" src="ML" 
                    masked="-6"
                    optional="no"/> <!-- mandatory -->
                <field id="DateOfIssue" dst="DateOfIssue" src="ML" 
                    type="Date" 
                    masked="no"
                    optional="no"/> <!-- mandatory -->
            </Front>
        </Version>

        <Version id="DriverLicense_KR" type="DL" format="TD1" profile="DriverLicense_KR">
            <Front>
                <face id="DriverLicense_KR_TYPE1"
                    x="0.044" y="0.254" w="0.340" h="0.656"/>

                <field id="FullName" dst="FullName" src="ML"
                    optional="no" /> <!-- mandatory -->
                <field id="Address" dst="Address" src="ML" 
                    optional="yes" />
                <field id="IssuedBy" dst="IssuedBy" src="ML" 
                    optional="yes" />
                <field id="Number" dst="DocumentNumber" src="ML"  
                    masked="-6"
                    optional="no"/> <!-- mandatory -->
                <field id="PersonalCode" dst="DriverLicenseNumber" src="ML"
                    masked="-4"
                    optional="no"/> <!-- mandatory -->
                <field id="DateOfIssue" dst="DateOfIssue" src="ML" 
                    type="Date" 
                    masked="no"
                    optional="no"/> <!-- mandatory -->
                <field id="DateOfExpiry" dst="DateOfExpiry" src="ML" 
                    type="Date" 
                    optional="yes"/>
                <field id="DateOfRenewal" dst="DateOfRenewal" src="ML"
                    type="Date"
                    optional="yes" />
            </Front>
        </Version>

    </DocumentID>

</selphid-widget-conf>
